motif_id	motif_alt_id	sequence_name	start	stop	strand	score	p-value	q-value	matched_sequence
IMOCHigher	IM_OC_Bif3Higher_TAAT	chr10:34743710-34744242	137	145	+	15.7143	4.91e-06	0.264	CAATAATGC
IMOCHigher	IM_OC_Bif3Higher_TAAT	chr6:176702615-176703522	174	182	+	15.7143	4.91e-06	0.264	CAATAATGC
IMOCHigher	IM_OC_Bif3Higher_TAAT	chr9:153010573-153011074	205	213	+	15.7143	4.91e-06	0.264	CAATAATGC
IMOCHigher	IM_OC_Bif3Higher_TAAT	chr8:171432230-171432731	295	303	+	15.7143	4.91e-06	0.264	CAATAATGC
IMOCHigher	IM_OC_Bif3Higher_TAAT	chr2:25160600-25161101	325	333	-	14.0357	9.82e-06	0.423	CAATAATGG
IMOCHigher	IM_OC_Bif3Higher_TAAT	chr9:143494736-143495237	35	43	-	14.0119	1.58e-05	0.567	CAATAATTC
IMOCHigher	IM_OC_Bif3Higher_TAAT	chr4:187157687-187158549	398	406	+	13.8929	1.98e-05	0.61	CAATCATGC
IMOCHigher	IM_OC_Bif3Higher_TAAT	chr7:171284626-171285156	460	468	+	13.5595	2.58e-05	0.684	TAATAATGC
IMOCHigher	IM_OC_Bif3Higher_TAAT	chr2:241712995-241713554	100	108	-	12.5238	3.18e-05	0.684	CAATAATGT
IMOCHigher	IM_OC_Bif3Higher_TAAT	chr1:21870018-21870608	487	495	-	12.5238	3.18e-05	0.684	CAATAATGT
IMOCHigher	IM_OC_Bif3Higher_TAAT	chr6:175626258-175626764	456	464	+	11.881	5.27e-05	1	TAATAATGG
IMOCHigher	IM_OC_Bif3Higher_TAAT	chr7:178207296-178207858	19	27	+	11.7381	6.49e-05	1	TAATCATGC
IMOCHigher	IM_OC_Bif3Higher_TAAT	chr1:299957209-299957749	455	463	+	11.1429	6.89e-05	1	CAATAGTGC
IMOCHigher	IM_OC_Bif3Higher_TAAT	chr4:182319818-182320727	318	326	+	10.7857	8.91e-05	1	GAATAATGC
IMOCHigher	IM_OC_Bif3Higher_TAAT	chr2:150763185-150763689	30	38	-	10.7857	8.91e-05	1	GAATAATGC
IMOCHigher	IM_OC_Bif3Higher_TAAT	chr4:244973393-244974365	94	102	-	10.7857	8.91e-05	1	GAATAATGC
IMOCHigher	IM_OC_Bif3Higher_TAAT	chr2:3818930-3819431	392	400	-	10.7024	9.4e-05	1	CAATCATGT
IMOCHigher	IM_OC_Bif3Higher_TAAT	chr10:149858023-149858533	441	449	-	10.7024	9.4e-05	1	CAATCATGT
IMOCHigher	IM_OC_Bif3Higher_TAAT	chr5:95001748-95002308	168	176	+	10.5595	9.89e-05	1	CAATTATGC

# FIMO (Find Individual Motif Occurrences): Version 5.5.0 compiled on Aug 26 2023 at 02:12:18
# The format of this file is described at https://meme-suite.org/meme/doc/fimo-output-format.html.
# fimo --o /scratch/sb14489/3.scATAC/2.Maize_ear/10.MotifAnalysis/3.fimo/Revision_SPM-base_SM-base.FDR0.05Bif3Higher /scratch/sb14489/3.scATAC/0.Data/Plant_Motif_PWM/CentralZone_TAAT.txt /scratch/sb14489/3.scATAC/2.Maize_ear/8.Comparative_Analysis/2.dACR/A619_vs_Bif3_AnnV4/SPM-base_SM-base.FDR0.05A619Higher.fasta
